Job Title,Company Name,Location,Salary/Pay Range,Key Responsibilities,Required Skills/Qualifications,Date Posted,Job Type,Phone Number,Email,Full Job Description,Job URL
Software Engineer,Private Advertiser,Melbourne VIC,-,See Full Description,See Full Description,-,Full time,-,-,"Pozi is a web-based Geographic Information System (GIS) software company that makes spatial data more accessible and useful for organisations. We aggregate data from various sources, including public data catalogues, corporate databases, and third-party web services into a user-friendly mapping platform that allows our customers to make easy data driven decisions.
We are seeking a passionate and dynamic
Software Engineer
, specialising in front end development, to help drive the continued success of our platform through innovative thinking, clean and scalable code, and a user-centric approach.
In this role, you‚Äôll collaborate closely with a small, agile team to solve real-world problems, enhance our product capabilities, and deliver powerful spatial solutions to our growing customer base.
You will be responsible for undertaking a variety of tasks including but not limited to:
Develop and maintain in house software and web applications
Build user interfaces and provide solutions for simplifying highly complex information.
Monitor frameworks for error detection
Provide advice and resolutions for complex issues.
We are looking for a highly motivated individual with strong communication and interpersonal skills, a sense of fun, the ability to work well under pressure and an absolute focus on exceptional service.
You will bring:
Tertiary degree within the Computer Science or Software Engineering field
Minimum 5 years technical proficiency and experience
Essential skills:
Javascript/Typescript, HTML and CSS
React
NodeJS
Experience working with RESTful APIs
Git/Github
Highly Desirable:
Experience with mapping frameworks such as OpenLayers, Mapbox or Leaflet.
Experience with Geospatial web services and OGC web services
Desirable:
Familiar with working with Linux, Bash
Previous experience working with frameworks like PHP CodeIgniter, Laravel, Python Django, Ruby on Rails
Testing methodologies - unit testing, functional testing, integration testing, feature flags
Familiar with Continuous Integration and Continuous Delivery processes(CI/CD)
Willingness to develop, refactor, and maintain legacy code
Software Development Lifecycle Process(Agile, Scrum)
Knowledge on Authorisation and Authentication topics(OAuth)
Observability Tools - Sentry, OpenTelemetry, Grafana, etc
Microsoft Azure (AD, Entra, IIS)
Amazon Web Services",https://www.seek.com.au/job/84591035
Technical Consultant - GoCanvas,ARKANCE AUSTRALIA PTY LIMITED,Melbourne VIC,"$100,000 per year",See Full Description,See Full Description,-,Full time,-,-,"ABOUT ARKANCE
Underpinned by French parent company,
Monnoyeur Group
with a 100+ year history as a leader in the B2B construction and manufacturing industries,
ARKANCE
has emerged as the largest global provider and trusted transformational partner at the forefront of digital technology for building, manufacturing and construction industries worldwide.
Today
ARKANCE
is part of a global network that provides unparalleled coverage across EMEA, USA and APAC and combines world class technology partners with its own IP solutions, expertise, professional services and support. With a portfolio for sustainability -
Think.Future
, and a software and technology portfolio -
Build.Smart,
we‚Äôre committed to our vision of
advancing the way we work together to build a better world.
With 50 locations spanning 18 countries across the globe, we are focused on living and breathing our cultural values:
We solve challenges, We trust, We make it easy and We put our people first.
Find out more here:
https://arkance.world/us-en/
***This role can be based in Melbourne, Sydney or Brisbane***
THE ROLE
As a
Technical Consultant
, you will be responsible for designing, delivering, and optimising mobile form and workflow solutions using the GoCanvas platform. You‚Äôll work directly with clients and internal teams to scope, implement, and support practical technology solutions that eliminate paperwork, reduce inefficiencies, and improve accuracy across field-based industries.
Your responsibilities include but are not limited to:
Work with sales and pre-sales teams to understand client pain points and shape practical solutions
Run tailored, engaging demos that demonstrate business value, not just features
Lead the delivery of GoCanvas-based solutions ‚Äì from discovery and build to training and deployment
Develop and deliver customised training for a range of users, from field workers to admins
Provide go-live support and identify opportunities for further optimisation post-implementation
Act as a subject matter expert for GoCanvas within the business, mentoring junior team members
Keep abreast of GoCanvas platform updates and contribute to internal process improvements
ABOUT YOU
We are looking for an approachable and solutions-focused professional to join our team. Our ideal candidate will possess the following:
Experience delivering software, SaaS, or workflow solutions in a client-facing role
Understanding of operations in field-based industries like construction, infrastructure, or services
Ability to manage multiple projects and stakeholder groups
Confident in demos and training sessions for technical and non-technical users alike
Strong understanding of how cloud platforms, mobile apps, and data integrations work
Comfortable translating business problems into technology-based solutions
Excellent communication and interpersonal skills
WHAT WE OFFER
Here at ARKANCE, we offer a range of benefits to our employees including:
Growth and career progression opportunities
within the business
Flexible working hours
so you can prioritise what matters to you
Hybrid or office-based work options
to suit your lifestyle
Reward Gateway benefits
offering discounts on everyday essentials, exclusive deals on popular brands, and wellness support.
Paid parental leave
to support your growing family
Defence Force and Community Service Leave
, recognising the importance of giving back
Paid day off for your Birthday
to celebrate you
Novated lease options
to help you with cost-effective vehicle leasing
Employee referral program
rewarding you for bringing great talent into our team
Monthly employee recognition
honouring exceptional contributions and celebrating individual achievements within the team.
Employee assistance program (EAP)
for confidential support.
If you‚Äôre ready to take the next step in your career and join the dynamic ARKANCE team, please click the ‚ÄòApply‚Äô button below prior to the
closing date: 20th June 2025.",https://www.seek.com.au/job/84344296
Software Developer,Unifacta Pty Ltd,"South Melbourne, Melbourne VIC","$80,000 ‚Äì $90,000 per year",See Full Description,See Full Description,-,Full time,-,-,"About the role
Unifacta Pty Ltd is seeking a talented Software Engineer to join our dynamic and innovative team based in Melbourne, Victoria. As a Software Engineer, you will play a crucial role in developing and enhancing our cutting-edge software solutions. This full-time position offers the opportunity to work alongside experienced professionals and contribute to the growth and success of our company.
We are a small team that work closely together and lean on each others skills and abilities regularly.
What you'll be doing
Collaborate with a small but dedicated team to design, develop, and implement software applications and features
Write clean, efficient, and well-documented code using the latest technologies and best practices
Participate in the entire software development lifecycle, including requirements gathering, design, testing, and deployment
Communicate with clients to understand requirements and translate into technical briefs.
Troubleshoot and debug existing applications to identify and resolve issues
Continually learn and stay up-to-date with the latest industry trends and technologies
Contribute to the development of innovative solutions to complex business problems
Assist various departments where necessary within the areas of your technical expertise, including On-Boarding and Support.
What we're looking for
3-5 years of experience in software development, either through internships, projects, or previous roles
Strong proficiency in front-end frameworks and technologies including JavaScript, CSS and HTML. React & React Native experience an advantage.
Experience collaborating with customers to solve problems
Excellent communication skills with the ability to bridge the gap between technical teams and business stakeholders.
Strong problem-solving and critical thinking skills
Excellent communication and collaboration abilities
Passion for staying up-to-date with the latest technologies and trends in the industry
Bachelor's degree in Computer Science, Software Engineering, or a related field, preferred but not necessary depending on experience
What we offer
At Unifacta, we believe in fostering a supportive and inclusive work environment that empowers our employees to thrive. We offer a range of benefits, including:
- Competitive salary and bonus structure
- Flexible work arrangements to support work-life balance
- Collaborative and innovative work culture
About us
Unifacta Pty Ltd is a leading provider of innovative software solutions for a diverse range of industries. Our mission is to deliver cutting-edge technology that drives business success and transforms the way our clients operate. With a talented team of experts, we are committed to pushing the boundaries of what's possible and delivering exceptional value to our customers.
If you're passionate about software engineering and eager to join a dynamic and innovative team, we encourage you to apply for this exciting opportunity.
Apply now
and take the first step towards a rewarding career at Unifacta Pty Ltd.",https://www.seek.com.au/job/84205470
Software Engineer,AGITO Group Pty Ltd,Melbourne VIC,"$100,000 ‚Äì $130,000 per year",See Full Description,See Full Description,-,Full time,-,-,"WHO WE ARE
AGITO are a multinational engineering company who develop and implement automation and technology solutions.
Our engineering expertise and industry knowledge are in the areas of logistics, distribution, production and materials handling. Systems engineering, manufacturing, software development, and ongoing service are an important part of our business model, and we encourage our team to seek out innovative and contemporary methods.
AGITO‚Äôs recent joint venture partnership with Hilton Food Group is a key driver for our growth and global expansion, and with the support of Hilton, we are advancing into new markets and transforming the automation sector.
This position offers the right person an opportunity to get in on the ground floor of a business that will only continue to grow.
PURPOSE OF ROLE
The core functions of the role are designing and developing software solutions for AGITO‚Äôs automation solutions and will also include support for systems already in the field.
You will be at the forefront of designing and developing software for technologies in the areas of automation (AMRs, Roaming Shuttle systems, Co-bots, etc) and real-time communications as we expand into new markets across the globe.
KEY ACCOUNTABILITIES & RESPONSIBILITIES
The role will give the successful applicant the opportunity to:
Build efficient and reusable applications and services that improve usability and remote support for AGITO Automation solutions
Develop data analysis and¬†reporting functionality
Develop tools and dashboards for Materials Handling and Warehousing systems
Design and develop to API specifications
Develop innovative networking and communications solutions with a focus on cyber security, scalability, and performance
Work with mechanical and electrical teams on integration of IT Systems with mechatronic / robotic systems
Participate in code reviews with other engineers
Set up server hardware, switches, virtualizing platforms and cloud environments
Be part of the commissioning, installation and connection of developed systems on customer‚Äôs site
Communicate and demonstrate the software and AGITO‚Äôs vision clearly to both internal teams and external customers
Software support and maintenance including paid rostered after-hours support
KEY EXPERIENCE, KNOWLEDGE & SKILLS
Experience:
Hold a Tertiary Qualification in Computer Science, IT, Software Engineering, or a related discipline
Have a minimum 2+ years‚Äô experience in Software Development
Have solid programming skills with a good working knowledge of building APIs using modern OO languages such as C#, .Net, Node.js, JAVA, JavaScript, HTML5, XML, JSON, SQL, NoSQL
Have experience in implementing solutions on both Linux and Windows platforms
Work collaboratively and be committed to be part of a successful team
Adapt to new programming frameworks and languages as required
Respond quickly to client demand
Knowledge & Skills:
A willingness to learn and grow your knowledge
The knowledge and experience to adapt to new programming frameworks and languages as required
The drive to respond quickly to client demand
Experience in design and development to API ‚Äúbest practice design‚Äù and specifications
Attention to detail
The ability to work either as part of a team or autonomously and prioritize competing demands
Have solid skills in documenting solutions and manuals
Practical site experience with automation systems
Ability to review, understand, document and improve existing code / solutions
AT AGITO
We are all about creating better experiences ‚Äì for our customers and for each other.
We work hard to support and nurture our people, and as the business continues to expand into international markets, we offer ongoing career development and opportunities for our team.
Please note:
To apply you must reside in AU & hold Permanent working rights.
This role will initially be 100% WFH, transitioning to Hybrid.",https://www.seek.com.au/job/84259847
Software Engineer,EngineRoom Applications,Melbourne VIC,"$100,000 ‚Äì $130,000 per year",See Full Description,See Full Description,-,Full time,-,-,"Role: Software Engineer¬†- 100% REMOTE ROLE
Reports to: CTO
We unlock business potential.
EngineRoom was founded in 2013 to make better use of digital and technology as a source of competitive advantage for high-achieving SMEs. We created an approach that integrates business objectives and digital channels into strategies that drive growth and success.
Today, the EngineRoom team continues to live our core mission ‚Äî using digital, data and technology to help businesses unlock their full potential.
Ready to unlock your potential?
EngineRoom helps businesses grow through data, digital and technology, but it‚Äôs our people that really make the difference. We‚Äôre an award-winning team of industry leaders and subject matter experts, data analysts and digital marketers, content creators and strategists, designers and engineers.
Is this the right role for you?
Delivering positive outcomes for our clients and EngineRoom is what we are about. As our business continues to grow we are looking for a highly skilled Software Engineer to join our Engineering team to take our Growth Marketing¬†Platform to the next level.
Write high-quality code using best practices
Collaborate within a cross-functional team and update our platform with new features to improve user experience
Be a great team player and find ways to continually improve
Some skills that we are looking for:
Experience working in an agile environment in small cross-functional teams
Proficiency in fundamental software engineering concepts such as SOLID principles, DRY, clean code, automated testing and TDD
Proficiency in PHP and Laravel
Proficiency in JavaScript and Vue.js
Solid understanding of relational databases such as MySQL and Postgres
Experience building RESTful APIs
Experience working with a major cloud platform, ideally AWS
Worked on multi-tenant SaaS web applications used by thousands of users
Minimum of 3-years work experience required
Here‚Äôs some extra things you may bring to the table:
Experience working in marketing technology or a similar vertical
Experience working with data-heavy software products before
We are a Remote1st company
, this means our team has the freedom and support to work where they want. Our team is a committed crew that are empowered to show up everyday and make magic happen. There are many things that make EngineRoom an amazing place to work, but we think these are worth a special mention:
Annual $1000 Design Your Own Work Environment Allowance to spend on anything you need to kit up your home office
Wellness and WFH vouchers
Great Place to Work - three years in a row!
Regular virtual team events
Industry leading salaries and incentives
If the sound of a determined, high performing and innovative team environment gives you goosebumps then we would love to hear from you!",https://www.seek.com.au/job/84365035
Staff Software Engineer,Redcat Pty Ltd,"Cremorne, Melbourne VIC",-,See Full Description,See Full Description,-,Full time,-,-,"Job description
About the Company
The
Redcat
Hospitality¬†IT Platform offers business-management software and hardware solutions that cover web and mobile applications including online ordering and loyalty systems,¬†tightly integrated with the point of sale (POS) and back of house applications. Redcat also supports multiple integrations to enhance the offerings suite for our clients.
We work with amazing hospitality brands like Boost Juice, Nando's, Chatime, Grill'd, Schnitz just to name a few, to provide them with a hospitality platform that provides a seamless customer experience.
We're a company that puts culture first and are looking for people to help us continue our growth!
Key Responsibilities
Technology leadership
Evangelise and help lead the product development teams to achieve continuous delivery of valuable software by delivering software with a focus on fast feedback and automation through robust engineering & delivery practices.
Campaign technical strategy to your peers and to the senior leadership team of Redcat through your ability to take complex technical issues and propose solutions that are deliverable and ensure we are moving toward our desired state
Produce well-designed, high-quality solutions that deliver measurable business value and meet customer needs
Lead major architectural initiatives to improve security, governance, and infrastructure scalability & overall platform reliability
Through your work with our product development teams, lead the design and development of scalable, high-performance systems.
Leadership
Working closely with product & engineering, shape our products roadmap, ensuring we are balancing delivery and platform evolution
Bring a technical perspective to product portfolio prioritisation and planning, bridging the gap between product ideas and engineering realities
Foster a team culture of collaboration, ownership and continuous improvement
Mentor and coach software engineers to develop problem-solving skills, broaden and deepen technical knowledge, develop product thinking skills, and support career growth
A natural coach and guide, sought after by peers for assistance
Understand deeply Redcat‚Äôs business strategy and evangelise that across our product development teams
About You
You will have extensive experience in designing, developing, and maintaining cloud-first applications and APIs, with a focus on well-architected systems
Proven ability to lead technical roadmaps, implement CI/CD practices, and drive platform health across engineering teams.
Strong software engineering skills with experience in writing well-tested, secure, and readable software
Demonstrated experience in technical leadership, including mentoring, coaching, and guiding software engineers within and across teams
Ability to influence and negotiate with senior stakeholders, focusing on outcomes that align with overall strategy.
Experience implementing continuous delivery, agile and lean practices
Our Values
Integrity - We stand for integrity
Teamwork - Together we shine
Customer Centric - We have the customer at the Heart
Innovation - Be the agent of change
Accountability - We deliver what we promise
Why Join Us?
To attract the best people we understand that it takes more than just a generous salary.¬†To keep an engaged and motivated team, we also provide career growth opportunities, work flexibility, autonomy, and a high-performance culture ‚Äì all to ensure that you can achieve your best ‚Äì both inside and away from work.
Benefits Include
A day off for your birthday üéÅ
Regular social events üéâ
Sponsored professional development üë©üèª‚Äçüíª
A relaxed and friendly team culture ü§ó",https://www.seek.com.au/job/84619447
Software Engineer,Aerodynamic Pty Ltd,"Keilor Park, Melbourne VIC","$78,000 per year plus super",See Full Description,See Full Description,-,Full time,-,-,"Aerodynamic is an avionics equipment service provider focused on providing solutions for commercial and business jet operators, MRO‚Äôs and military customers. With over 30 years‚Äô experience, Aerodynamic is the leading flight data services provider for major airlines and maintenance repair facilities globally. Our passion and commitment to deliver quality support, services and knowledge to ensure we meet your project needs and business downtime is minimal.
The Position
We are looking for a full time software Engineer to carry out the design of software applications, development of new capabilities and all software related functions.
Salary Package
$78,000 + Superannuation benefits
Duties and Responsibilities
Software development, software upgrades, verification & validation
Developing new capabilities of software applications, interfacing with hardware to meet requirements
Researching, consulting, analysing and evaluating system program needs
Identifying technology limitations and deficiencies
Testing, debugging, diagnosing and correcting errors and faults
Writing and maintaining program code to meet system requirements
Writing, updating and maintaining technical program, end user documentation and operational procedures
Providing advice, guidance and expertise in developing proposals and strategies on projects
Take part in regular training programs
Skills and Experience
To be considered for this role you will be
A degree qualified Software Engineer who brings 2 years of local or international experience as a Software Engineer with software development, embedded engineering or equivalent
You will have knowledge of appropriate programming software languages (C, C++), packages and platforms including Python, React, Java Script
Candidates that bring electronics hardware and software engineering qualifications will be highly regarded.
Please send full resume along with your application.",https://www.seek.com.au/job/84736935
Software Engineer,My Profile Score Pty Ltd,Melbourne VIC,"$100,000 ‚Äì $104,000 per year",See Full Description,See Full Description,-,Full time,-,Kb@myprofilescore.com,"Full Time Permanent Position
$104,000 +super
About the role.
We are looking for a skilled and experienced Software Engineer to join our team. As a Software Engineer, you will design, develop, test, and maintain software systems, write clean code, resolve technical issues, and improve existing technologies. You‚Äôll manage deployments, ensure security, provide technical documentation, and support continuous improvement. Flexibility to work on weekdays and weekends may be required based on project needs.
Role and Responsibilities
‚Ä¢ Designing and developing tools to support software development, deployment, security, and overall management. ‚Ä¢ Writing, reviewing, and maintaining program code to align with system designs, technical specifications, and accredited quality standards.
‚Ä¢ Testing, debugging, and correcting software errors within set protocols to ensure applications, including their security features, perform as intended.
‚Ä¢ Conducting in-depth research and consultation to analyse and evaluate system programming needs.
‚Ä¢ Identifying shortcomings and inefficiencies in existing systems, technologies, and operational procedures.
‚Ä¢ Writing and maintaining technical documentation, user guides, and standard operating procedures for software systems.
‚Ä¢ Managing and automating the testing and deployment processes of applications to streamline delivery and ensure reliability.
‚Ä¢ Gathering and analysing operational performance metrics to drive system improvements.
‚Ä¢ Developing and implementing strategies for continuous integration, delivery, and improvement throughout the software development lifecycle.
‚Ä¢ Advising on software design proposals, including financial evaluations, cost estimates, and recommendations for purchases or upgrades.
‚Ä¢ Performing forensic analysis to detect security anomalies or threats within systems and applications.
‚Ä¢ Implementing encryption and decryption processes to ensure data confidentiality and system integrity.
‚Ä¢ Identifying, assessing, and mitigating risks that may affect software performance and security across the product lifecycle.
Benefits and perks
Business offers a great workplace for its staff where everyone feels valued and respected. It's an opportunity for you to be an integral part of this unique organization.
Skills and experience
‚Ä¢ must have an experience of more than 2 years working as a Software Engineer.
‚Ä¢ Applicant must have Bachelor or higher qualification in the relevant sector.
‚Ä¢ Strong attention to detail and ability to follow the procedures accurately.
‚Ä¢ Excellent time management skills to meet the deadlines. ‚Ä¢ Flexibility to work in a fast-paced and dynamic environment.
How to Apply If you are interested in applying for the above position, please forward your resume to us on
Kb@myprofilescore.com
.
Please note we will ONLY be contacting candidates who are successful for an interview.",https://www.seek.com.au/job/84633116
Junior Software Developer - Remote,MEQ Probe,Melbourne VIC,-,See Full Description,See Full Description,-,Full time,-,lawrence@meqprobe.com,"At MEQ Probe, our mission is to revolutionise the animal protein industry, with a specialisation in red meat. We provide cutting-edge solutions that harness early, objective data, benefiting everyone from breeders to consumers. Currently, our portfolio includes four primary innovative technical solutions: MEQ Live, MEQ Probe, MEQ Insights and MEQ Camera.  Our primary focus is on live cattle and carcass evaluation in the Sheep and Beef sectors. Our innovative technologies allow the application and utilisation of data to unlock new customer value. Through our innovative solutions, we are revolutionising the red meat industry and building  a more sustainable future,  for businesses and consumers.
About the Role:
MEQ is seeking a passionate and proactive Junior Software Developer to join our Machine Learning and Research & Development team. This position plays a vital role in supporting internal software tools, integrating hardware, managing data workflows, and contributing to data-driven research projects. This is an ideal opportunity for a technically minded individual to gain hands-on experience in a fast-paced, innovation-led environment. This is a
remote role
, with MEQ Head Office in Melbourne.
Key responsibilities of the role include:
Software Development & Maintenance
Develop, test, and maintain internal software tools and features.
Integrate hardware peripherals and sensors with software systems.
Implement workflow efficiencies and maintain high coding standards.
Data Management & Analysis
Support the ML data labelling platform‚Äôs infrastructure and workflows.
Conduct data cleaning, analysis, and visualisation to support research.
Maintain detailed records of data and findings.
Technical Support & Troubleshooting
Investigate and resolve technical issues across the team.
Contribute to technical documentation and knowledge sharing.
Research & Learning
Experiment with new tools and technologies relevant to ML and R&D.
Support development of ML models and exploratory data projects.
Team Collaboration & Communication
Collaborate effectively within the team to meet project objectives.
Clearly communicate technical progress and insights.
About You:
Essential
A Bachelor‚Äôs degree in Computer Science, Mathematics, or a relevant field - or 2+ years equivalent industry experience or open source contributions.
Proficient in Python programming, including multiprocessing/multithreading.
Strong problem-solving skills and a self-directed learning mindset.
Experience working with Linux systems (e.g., Ubuntu, Debian).
Preferred
Knowledge of ML, statistical modelling, or signal processing.
Familiarity with databases, networking, and infrastructure.
Experience with microcontrollers (e.g., Arduino), reverse engineering, or Kotlin.
Exposure to cloud platforms such as AWS, GCP, or Snowflake.
Experience in the AgTech or red meat industry.
Understanding of lean manufacturing and process improvement.
What MEQ Probe Offers:
Be a part of a fast-growing Australian company disrupting the industry with world-first technology.
Flexible working arrangements: Work remotely
Competitive salary package, including equity and sales commissions, commensurate with experience.
Access to a supportive Paid Parental Leave Package and generous leave options for parents.
Career development opportunities and professional growth.
A safe and inclusive workplace where you can be your authentic self.
To Apply:
Please apply via the ‚Äòapply‚Äô button by submitting your resume and cover letter. For more information, contact Lawrence Au at
lawrence@meqprobe.com
.",https://www.seek.com.au/job/84156846
JUNIOR AI ENGINEER - VIC,Bentleigh Sign Group,"Keysborough, Melbourne VIC",-,See Full Description,See Full Description,-,Full time,-,-,"Market Leading Sign Manufacturer
We are a National family owned signage manufacturer that has been in operation for over 65 years, with a strong focus on corporate signage. Head office is located in Keysborough, next to Eastlink.
Benefits:
Well-established national company with long-term career opportunities
Excellent company culture and supportive team environment
Position:
Ideal for Recent AI Graduates, with a creative and agile approach to business thinking
Someone who would like to implement AI and automation strategies into a proven business.
Deliverables:
Develop strategy towards AI Implementation into existing Manufacturing and service-based business.
Implement strategy surrounding the use of AI to assist with the front-end compartmentalisation of product to then drive pricing and production
Future planning for production automation working in conjunction with AI
Assess and identify opportunities for AI integration departments, including Operations, Product Development, Marketing, Sales, Finance, HR, and Compliance, to optimise processes and drive strategic outcomes.
Serve as the primary point of contact for AI-related initiatives, providing technical guidance
Expectations:
Office based role
Full time
Tertiary Qualifications in AI / Automation
Understanding of process management
Develop an internal AI team to support the national business growth
If this position sounds like what you're looking for we would love to hear from you.",https://www.seek.com.au/job/84489470
Software Engineer,Chef Q Pty Ltd,"Hoppers Crossing, Melbourne VIC","$80,000 ‚Äì $100,000 per year",See Full Description,See Full Description,-,Full time,-,-,"¬∑ Research & Consulting: Research and analyze the software needs of our factory systems, identifying technology limitations and inefficiencies in existing processes, procedures, and methods.
¬∑ System Evaluation: Evaluate current systems and processes to recommend improvements and optimizations for production efficiency and overall system performance.
¬∑ Testing & Debugging: Test, debug, diagnose, and correct errors in software used for production, ensuring that programs meet established testing protocols and quality standards.
¬∑ Program Code Maintenance: Write, maintain, and update software code to meet the factory's system requirements and technical specifications while ensuring compliance with quality standards.
¬∑ Documentation: Create and maintain technical documentation, including program code documentation, end-user guides, and operational procedures, to ensure clarity and usability for factory staff.
¬∑ Consulting & Strategy Development: Provide guidance on software design proposals, including financial evaluations and recommendations for upgrading or purchasing software tools for our production systems.
¬∑ Proven experience in software engineering, preferably with a background in industrial or manufacturing systems.
¬∑ Strong knowledge of system analysis, design, and testing methodologies.
¬∑ Proficiency in programming languages (e.g., Java, C++, Python, etc.).
¬∑ Experience working with software that supports factory operations, manufacturing systems, or production environments is a plus.
¬∑ Ability to diagnose and resolve technical issues promptly and efficiently.
¬∑ Strong communication skills for creating clear documentation and providing support to factory staff.
A degree in Computer Science, Software Engineering, or a related field is preferred",https://www.seek.com.au/job/84718039
Graduate Software Engineer ‚Äì Cloud & Software Innovation,Blackmagic Design,"South Melbourne, Melbourne VIC",-,See Full Description,See Full Description,-,Full time,-,-,"Start your engineering career at Blackmagic Design
Are you a technically strong and motivated graduate software engineer?
Are you excited to work on products used by professionals in film, television, and broadcasting around the world?
Join Blackmagic Design and help shape the future of media technology ‚Äî from high-performance software to global cloud-based platforms.
About Blackmagic Design
Blackmagic Design creates some of the world‚Äôs most advanced solutions for video editing, post-production, and live broadcasting. Our hardware and software products are used globally ‚Äî from Hollywood films to live events and online content creation.
As we continue to grow, we're expanding our cloud engineering capabilities to support remote collaboration, real-time workflows, and scalable media infrastructure.
The Opportunity
We‚Äôre looking for graduate software engineers to join our Melbourne-based engineering team. You‚Äôll work closely with experienced engineers to build products that directly impact the film and broadcast industries.
You‚Äôll be exposed to a range of teams across the business ‚Äî from cloud platform engineering to systems development and quality assurance. This is a hands-on role designed to help you explore where your skills and interests can take you.
What We Offer
üåê Cloud-Driven Projects
Be part of engineering teams building scalable media technologies using
Amazon Web Services (AWS)
. Projects may include remote editing platforms, distributed processing, and live video infrastructure.
üìö Structured Learning & Mentorship
You‚Äôll rotate across engineering disciplines, gain exposure to different products and technologies, and work alongside mentors who‚Äôll support your technical growth.
üîç Real-World Product Impact
From day one, your work will contribute to real products used by professionals across the globe. Whether you‚Äôre working on cloud workflows, media processing, or system-level tooling ‚Äî you‚Äôll see the impact of your code.
ü§ù Collaborative Culture
We value engineering excellence, curiosity, and teamwork. You‚Äôll join a tight-knit community of developers, with opportunities to contribute ideas and explore new technologies in a supportive environment.
Who We‚Äôre Looking For
Bachelor‚Äôs or Master‚Äôs degree in Computer Science, Software Engineering, or a related field
Solid programming skills in languages such as C++, Python, Java, or Go
Interest in cloud technologies, especially AWS
Strong problem-solving skills and a willingness to learn
Good communication skills and the ability to collaborate in a team
Bonus: Experience with Linux, Git, or relevant personal projects
How to Apply
If you're looking to kick-start your engineering career in a technically challenging and creative environment, we‚Äôd love to hear from you.
Apply now to join our 2025 graduate intake and help build the next generation of media technology.",https://www.seek.com.au/job/84420410
Software Engineer- Bubble Certified,Lightning Ventures,"Collingwood, Melbourne VIC",-,See Full Description,See Full Description,-,Full time,-,-,"About Us
Lightning Ventures is a fast-growing digital product studio helping mission-driven organizations build high-impact software ‚Äî faster and smarter.
We work across climate, health, education, and non-profit sectors, turning complex challenges into powerful web and mobile platforms using modern tools like Bubble.io, Xano, FlutterFlow, and AI.
We don‚Äôt just build apps ‚Äî we partner with teams solving real problems and help them ship products at lightning speed.
The Role
We‚Äôre hiring a
Software Engineer
who wants to build end-to-end products with speed, creativity, and care.
You‚Äôll work closely with product leads, designers, and clients to bring ideas to life ‚Äî using both traditional and no-code tools to deliver beautiful, scalable software in a fraction of the time.
Responsibilities
Develop full-stack web applications using modern tools and frameworks
Build backend logic, API integrations, and scalable data structures
Collaborate with cross-functional teams to deliver features fast
Conduct QA testing, debugging, and deploy high-quality software
Continuously optimize app performance, security, and UX
About You
Bachelor‚Äôs degree in Software Engineering, Computer Science, or related field
At least 2 years of experience in software or web application development
Strong understanding of software architecture, APIs, and databases
Bonus points for experience with Bubble.io, Xano, FlutterFlow, or Make
You care about building software that‚Äôs useful, elegant, and fast
You're collaborative, curious, and love getting products out into the world
Bubble.io Certified
Why Join Us?
Make a real impact working with climate, health, and purpose-led clients
Be part of a nimble team that values speed, ownership, and outcomes
Work in a flexible, hybrid environment with a high-trust culture
Get exposure to next-gen tools and real-world product innovation
Apply now to join a team redefining how modern software gets built.
Let‚Äôs move fast and build things that matter.",https://www.seek.com.au/job/84547685
Software Engineer II,Microsoft,Melbourne VIC,Subsidised health insurance + stock discounts,See Full Description,See Full Description,-,Full time,-,-,"Overview
The
Azure Core New Tech team
is seeking engineers who are eager to help with the New Technology onboarding process: automating how new hardware is verified, managed, and delivered to Microsoft datacenters for Azure, High-Performance Computing, Office, and Edge Computing products within Microsoft. The team works at the interface of software and hardware. The team creates technology to validate, onboard and manage the hardware throughout its lifespan (from arrival to disposal), track the hardware metadata, and ensure the quality and security of hardware when it reaches Microsoft datacenters. It supports the expansion of all capacity for Microsoft services and is at the leading edge of new hardware platforms coming to the cloud. The team is focused on automating the management and tracking the process of New Technology onboarding to bring new and innovative technologies to market faster.
In Azure Core New Tech team, your role as a
Software Engineer (SW2)
will be to understand requirements, create designs, and implement the features needed to enable new technologies. This opportunity will let you grow your skills in software and hardware by collaborating with various Azure teams, learning about the emerging technologies in the industry and bring change to Azure.
The team provides a flexible working environment that enables both hands-on opportunities with hardware and hybrid work contributions.
Microsoft‚Äôs mission is to empower every person and every organization on the planet to achieve more. As employees we come together with a growth mindset, innovate to empower others, and collaborate to realize our shared goals. Each day we build on our values of respect, integrity, and accountability to create a culture of inclusion where everyone can thrive at work and beyond.
Sydney or Melbourne based
Qualifications
Required Qualifications:
Bachelor's Degree in Computer Science or related technical field AND min 2+ years¬† technical engineering experience working in a professional business setting with coding in languages including, but not limited to, C, C++, C#, Java, JavaScript, or Python
OR equivalent experience.
Preferred Qualifications:
Bachelor's Degree in Computer Science or related technical field AND 4+ years¬† technical engineering experience with coding in languages including, but not limited to, C, C++, C#, Java, JavaScript, or Python
OR Master's Degree in Computer Science or related technical field AND 2+ years¬† technical engineering experience with coding in languages including, but not limited to, C, C++, C#, Java, JavaScript, or Python,¬†OR equivalent experience.
Knowledge of operating systems, hardware integration, and low-level computing software technologies
Highly regarded¬† -Knowledge and exeperience with Operating System development, kernel module, kernel debugging, hardware driver development, new hardware qualification, network stack experience, routing table, IPv6, network packet analysis, Linux
Other Requirements:
Ability to meet Microsoft, customer and/or government security screening requirements are required for this role. These requirements include, but are not limited to the following specialized security screenings:
Microsoft Cloud Background Check: This position will be required to pass the Microsoft Cloud Background Check upon hire/transfer and every two years thereafter.
Responsibilities
Works with appropriate stakeholders to determine user requirements for a set of features.
Drives identification of dependencies and the development of design documents for a product, application, service, or platform.
Creates, implements, optimizes, debugs, refactors, and reuses code to establish and improve performance and maintainability, effectiveness, and return on investment (ROI).
Contributes to efforts to break down larger work items into smaller work items and provides estimation.
Acts as a Designated Responsible Individual (DRI) working on-call to monitor system/product feature/service for degradation, downtime, or interruptions and gains approval to restore system/product/service for simple problems.
Proactively seeks new knowledge and adapts to new trends, technical solutions, and patterns that will improve the availability, reliability, efficiency, observability, and performance of products while also driving consistency in monitoring and operations at scale.",https://www.seek.com.au/job/84737871
Software Engineer,Saab Australia Pty Ltd,"Hawthorn, Melbourne VIC","6 weeks paid leave, 13.5% super, Hybrid working",See Full Description,See Full Description,-,Full time,-,-,"The role
As part of our Naval Combat Systems group, the Software Engineer's main focus will be on the specification, design, development, documentation and testing of software components within a software team responsible for one or more CMS functions. The Senior Software Engineer shall be able to undertake these tasks without supervision.
Further, the successful candidate will:
Participate in the development and maintenance of software components and associated simulators.
Develop an understanding of the operational use of the associated system under development.
Participate in the specification of software components.
Design, implementation and testing of software components to meet the specified requirements.
Produce all artefacts required for deliverables and internal reviews.
Participate in reviews of software and documentation as required.
Provide technical guidance to junior software engineers.
Flexible work arrangements such as hybrid work from home / office, 9-day fortnight will be considered for this role.
About you
Your education, skills and experience will include:
Essential:
Tertiary qualifications in software engineering, computer science, or related technical discipline
Knowledge about contemporary software development standards, principles and best practices.
Writing software requirements for software components within software intensive systems.
Designing, developing and testing software components within software intensive systems.
Defect resolution of legacy software components within software intensive systems.
Working within a team environment.
At least one of the following languages, Java and/or Ada
Desirable:
A genuine interest and appreciation of large commercial and defence software intensive systems.
Developing in both procedural and Object Orientated paradigms.
Any of the following languages: C#, C++, Bash, Python and Go.
Any of the following tools/technologies, Dockers, Jenkins, DDS, Git, Clearcase and Automated Test Frameworks.
Linux experience
As Defence security clearance is required for this role, applicants will be required to hold an Australian Defence Security Clearance preferably to NV1 level or have the ability to gain one.
About us
Saab Australia is a defence, security and cyber solutions provider, specialising in the development and integration of major defence and security systems. For over 30 years in Australia, we have built a reputation for delivering complex systems integration projects that provide proven and advanced capabilities to keep us ahead of today's challenges.
From combat, communications, security and underwater systems, to mixed reality, cyber security and deployable health solutions, our extensive portfolio of products and services provide high-technology solutions for defence forces and civil industries across the globe.
Apply today to join our crew and deliver solutions with purpose!
Culture and benefits
We employ over 1000 Australians and are committed to fostering a culture of excellence and enriching the employee experience.
By joining Saab, you'll be a part of a collaborative and supportive organisation, where your professional growth and work-life balance are emphasised. You'll work within an innovative and vibrant workplace, while having the opportunity to develop a long-term, fulfilling career.
As a valued team member of Saab Australia, you'll access a variety of perks and benefits to support you and your family including:
6 weeks paid leave each year
13.5% Superannuation
Free Income Protection Insurance
Flexible working options
Access to the Saab shares matching scheme
Access to
MySaab -
our online store offering everything from cash back at hundreds of stores to discounts from exclusive partners
For further information about a career at Saab, visit the page adjacent: https://www.saab.com/markets/australia/careers/saab-life
Applications
Click 'Apply' to submit your CV and cover letter in support of your application. Kindly observe that this is an ongoing recruitment process and in exceptional circumstances, the position might be filled before the closing date of the advertisement. We encourage applications as early as possible to avoid disappointment.
By submitting an application to Saab, you consent to undertaking workforce screening activities including, but not limited to: reference checks, Australian Federal Police check, verification of working rights and qualifications, sanctions screening and a pre-employment medical declaration.
Saab Australia is an Equal Opportunity Employer and encourages Aboriginal and Torres Strait Islanders to apply. We also welcome applications from individuals with culturally diverse backgrounds.
Saab Australia is a nationally recognised Veteran Employer of Choice that welcomes the interest of ex-service members, veterans and their families.",https://www.seek.com.au/job/84634915
Software Developer,Murdoch Children's Research Institute,"Parkville, Melbourne VIC","$97,000 - $116,000 per annum plus super",See Full Description,See Full Description,-,Full time,-,"will.boland@vcgs.org, recruitment@mcri.edu.au","Job description:
Victoria Clinical Genetics Services (VCGS) are looking for a passionate and experienced
Software Developer
to join our Software Systems and Integration Unit. If you're excited by the opportunity to contribute to healthcare through innovative technology, this role is for you.
As a Software Developer, you'll play a vital role in developing, maintaining, and integrating software solutions that power our clinical and laboratory systems. Collaborating with a cross-functional team‚Äîincluding software architects, DevOps engineers, lab staff, and bioinformaticians‚Äîyou will ensure the delivery of high-quality, robust, and scalable applications and data pipelines.
You will be a technical expert and an advocate for software development best practices, contributing to projects with both operational and strategic impact across VCGS and MCRI.
Your responsibilities include:
Design, develop, review, and maintain applications, APIs, data pipelines, and cloud services.
Promote and implement software development best practices.
Collaborate with technical and non-technical stakeholders to ensure fit-for-purpose solutions.
Participate in sprint planning, code reviews, and continuous integration/deployment workflows.
Provide clear, accessible system documentation and user support.
Keep current with emerging technologies to continually improve systems and practices.
What we need from you:
Degree in Computer Science, Software Engineering, IT, or related discipline.
Proficient in
TypeScript
or
Python
.
Experience with
RESTful/RPC APIs
,
SQL
, and
relational databases
.
Familiarity with
automated testing frameworks
(e.g., Playwright, Cypress).
Skilled in
Git
,
Linux/Bash
, and
cloud platforms (AWS)
.
Experience with
serverless microservices architecture
and
Infrastructure as Code
(e.g., Terraform, AWS CDK).
Excellent communication skills, both verbal and written.
For full viewing of responsibilities and requirements please refer to the
position description.
Any specific questions related to this position should be directed to Will Boland at
will.boland@vcgs.org,au
,
What's in it for you?
Benefit from salary packaging, including entertainment and novated leases
Be part of a dynamic and growing tech team supporting cutting-edge genetics and genomics services.
Contribute to impactful healthcare outcomes in a collaborative, multidisciplinary environment.
Flexible hybrid working arrangements with strong workplace culture.
Opportunities for professional growth and innovation.
Who we are
The Victorian Clinical Genetics Service (VCGS), a not-for-profit subsidiary of the Murdoch Children's Research Institute (MCRI), offers integrated genetic testing, diagnostics, and counselling globally. Our experts collaborate closely to ensure accurate interpretation of complex genetic tests. VCGS is actively involved in driving translational research, policy development, and fostering an inclusive and positive working environment that values diversity and prioritises equal opportunities for all. We are dedicated to developing our staff and creating a culture centred on respect and continuous learning.
We are committed to the safety of children and young people and takes a zero-tolerance approach to all forms of child abuse, exploitation and harm. Child safety is prioritised in our decision-making at all levels of the Institute.
Join Us!
If you believe this role is a good fit for you, please apply by submitting:
Your resume
A cover letter addressing the selection criteria
Ensure these documents are combined into a single PDF file.
We welcome individuals of diverse genders, ages, ethnicities, cultural backgrounds, abilities, religions, and sexual orientations in our workplace. We actively encourage talented individuals from all walks of life to apply for our job openings. Our commitment lies in fostering a workplace that is barrier-free and inclusive, aiming to attract the most skilled candidates.
For any questions related to the recruitment process, feel free to reach out to our Recruitment team at
recruitment@mcri.edu.au
. Ensure that you include the position number and job title in the subject line. Please refrain from sharing your application to this email address.
Please note, we reserve the right to close the vacancy prior to the closing date once a sufficient number of applications have been received.
No recruitment agencies please.
Position Description
Applications close: 4 July 2025
AUS Eastern Daylight time",https://www.seek.com.au/job/84746677
Mid-level Software Engineer,DBXB ANZ,"Southbank, Melbourne VIC",-,See Full Description,See Full Description,-,Full time,-,-,"Join our unique team that is responsible for developing and supporting a global data platform that processes millions of records per day from over 190 global markets. Due to our expanding global footprint and many exciting projects, there is an opportunity for a mid to senior level .NET Software Engineer to join our friendly, agile team.
What we offer
Exciting projects
with a leading global provider of business decisioning data and analytics.
Collaborative, inclusive culture
where you'll be encouraged to question the status quo and develop innovative solutions.
Opportunities for
professional development
and exposure to the latest technologies.
Flexible
hybrid
working arrangements.
A
central Melbourne CBD location
, with easy access to public transport and amenities.
What defines us
Data-Inspired
- We‚Äôre passionate about the power of data. It‚Äôs at the heart of everything we do.
Relentlessly Curious
- We embrace the change in the world around us. We know it brings new problems to solve, new things to learn and new ways to grow.
Inherently Generous
- We succeed by helping others succeed. We openly share our time and talent, and we confidently welcome the help of others.
Although you‚Äôll enjoy the
security
of being part of a US multi-national employing over 4000 people globally, you will be joining a smaller ‚Äúbubble‚Äù team that has the vibe and
excitement
of a start-up.¬† We have been given the autonomy and mandate to set our own goals and execute at a rapid pace.
Key duties of this role
Enhancing and maintaining
cutting edge
, business critical systems.
Solving problems iteratively and ensuring solutions
address customer needs
.
Applying¬†efficient coding practices¬†and architectural patterns to
build scalable, maintainable solutions
.
Actively participating in
Agile
ceremonies and processes.
Thriving in a
collaborative, empowered environment
where all voices are heard and valued.
Demonstrating a
customer-obsessed mindset
, contributing to the growth and excellence of the technology community.
Tech Stack You‚Äôll Be Working With
Frontend: React, Blazor
Backend: .NET, Microservices, Docker
Databases: MongoDB, MS SQL Server
DevOps (CI/CD): TeamCity, Octopus Deploy, Harness.io, GitHub Enterprise
Cloud: GCP
About You
We‚Äôre looking for an experienced developer who brings:
A strong foundation in
.NET
(C# 6+) development.
Proficiency in modern front-end frameworks such as
React
or
Blazor
.
Experience with
Cloud
services (GCP preferred) and
microservices
architecture.
Experience with
CI/CD tools
like TeamCity, Octopus Deploy and Harness.io.
Familiarity with containerization using
Docker
.
A
focus on quality
and testing, including automated unit testing.
A collaborative and proactive mindset, with a
passion for technology
and continuous learning.
Excellent problem-solving skills and the
ability to thrive
in a fast-paced, Agile environment.
A tertiary qualification in Computer Science or a related discipline.
3+ years experience working in a commercial environment.",https://www.seek.com.au/job/84353612
Software Engineer,Wipro Limited,Melbourne VIC,"$85,000 ‚Äì $104,687 per year",See Full Description,See Full Description,-,Full time,-,-,"Facilitation of quality checks and inspection-based testing with establishing test strategy and test plan around current business state and future business state application workflows.
Developing and testing software solution by understanding existing code and system using various tools like Microfocus ALM, JIRA, Confluence and PractiTest and interacting with business analysts.
Understanding of business requirements and producing a test plan for commencement of test execution.
Designing and developing test cases and test scenarios for identifying software and application bugs and developing defect triage techniques for prevention of potential defects.
Developing and maintaining technical documents for the end user as well as creating personas through research and data.
Participating in architectural and software development activities, workshop flows to understand the software requirements of the organization.
Conducting end to end functional testing, system integration testing, regression testing, database testing.
Conducting User Acceptance Testing for business approvals for deploying tested code to production.
Developing and delivering test plans, test summary reports, defect coverage reports, test status updates and technical supporting documents as a part of documentation for the Software testing lifecycle using MS tools.
No # openings : 5",https://www.seek.com.au/job/84494685
Software Engineer - Full Stack Developer,Crystal Delta,Melbourne VIC,-,See Full Description,See Full Description,-,Full time,-,-,"The Role
We are looking for a full stack developer with 3-4 years of commercial project experience with front and back end skills. DevOps and Automation of development workflow are key.
Responsibilities
Develop, Implement and Support software systems
Maintain and improve the performance of existing software
Clearly and regularly communicate with internal and client stakeholders
Test and maintain software products to ensure strong functionality and ease of use
Recommend improvements to existing software programs as necessary
Qualifications
3-4 years of experience in Designing and Developing Software projects
Minimum of Bachelor‚Äôs Degree in Computer Science or similar
Skills
Extensive Knowledge of web technologies, such as Node JS, TypeScript, VueJS, React, Redux, HTML, CSS and other JavaScript.
Extensive knowledge of a range of development tools and web frameworks
Extensive experience with databases such as MySQL, MongoDB
Extensive Object Oriented design, development, and analysis experience
Proponent of DevOps especially Continuous Integration (CI) and Continuous Delivery (CD)
Solid experience of Continuous Deployment primarily in AWS, plus Azure or GCP
Good knowledge of Agile Delivery methodology
Strong attention to detail and work in a local + remote team collaboration environment
Benefits
We aim to provide a rich and varied work style and keep options open for our employees. We work in teams, yet there is room for autonomy in the delivery of tasks.
Our organisation is product focused, and there are opportunities to develop products internally. Initiative, and personal development are encouraged and rewarded.
The Company
CRYSTAL DELTA is a software development and technology solutions company. We focus on products and productisation. We believe small companies can do great things, and we embrace the philosophy of Extreme Ownership.",https://www.seek.com.au/job/84394778
Principal Software Engineer,Upper Echelon Limited,Melbourne VIC,"$230,000 to $250,000 plus super, neg.",See Full Description,See Full Description,-,Full time,+6421454363,-,"Upper Echelon is seeking a truly special Principal software engineer to join a world class global company.
This role can be based in either Australia or New Zealand near or in a major city.
This is a high performing team that offers the right person career progression, complex challenges and the opportunity to grow and mentor other software engineers.
We are looking for someone from a large complex enterprise company in either Australia or New Zealand.
This is a permanent role with a negotiable salary of between $220,000 to $250,000 a year plus benefits.
The role
You will own and deliver on company wide multi year and multi team goals.
Influence, build relationships and manage differing viewpoints.
Partner with peers and Heads of Engineering to define product vision and technical strategy, sometimes well beyond product scope.
Mentor and develop other engineers into software engineering best practices.
The person
We are seeking a Principal Software engineer at the Apex of their career to drive this company forward by writing great software and applying world class software engineering principles.
The tech stack is not relevant, although the company uses .Net Framework, React, JavaScript and AWS.
We are looking for someone from a large enterprise environment preferably working in SAAS companies, who has a track record of delivering successful software.
We will also look for someone that can mentor other software engineers, and model a standard of excellence with their knowledge and imparting this knowledge to others.
This role is for a passionate technologist that prides themselves on delivering excellent code and helping others do the same.
What's in it for you
This role is working with a high performing team that receives a lot of investment from the wider business to deliver their solutions.
Great career path upwards to a Head of Engineering and GM of Engineering in the future.
5 weeks leave per annum.
This can be a hybrid role as the company has a very flexible work from home policy.
Please call Carl Thomas on
+6421454363
with any questions or apply using the link.",https://www.seek.com.au/job/84425339
.Net Mid Level Software Engineer,PRA,Melbourne VIC,$150KPackage + Lots of other benefits+ Career Prog,See Full Description,See Full Description,-,Full time,-,-,"We have partnered with a well known, popular and large eCommerce business who are currently looking for a Strong Mid Level Engineer in .Net. This job could get you a big step up in your career and get a name on your resume that everyone knows!
This is a very exciting opportunity for a
Mid Level Full Stack Software Engineer
with experience in
.Net and React or just a Backend .Net Developer
who would be excited by the prospect of joining a Corporate Business with a world of internal opportunities running large scale Software Engineering squads!
For this role, we are open to a Full Stack Engineer (.Net/React) or a Backend focused Engineer with .Net.
Ideally we are looking for:
5+years experience as an established
Mid Level Software Engineer
Strong experience in C# .Net
Experience with microservices/Serverless architectures
Ability to express intent through code, focusing on simplicity and maintainability
Good exposure to Agile working environments
Experience working in large scale projects and heavy-traffic platforms (advantage)
Experience in a cloud environment (strong preference for Azure)
Great communicator, attitude of being willing to learn and make mistakes.
When it comes to hiring, attitude and willingness to learn and make mistakes are high on the list.¬† We are inviting Engineers to apply who are passionate about coding, want to work for a larger Enterprise business, and looking for an opportunity to get promoted or move in to other areas within the business.
Few important bits, before you apply ...
This is a permanent role, and the salary is
$150KPackage (Flex)
Please note for this role we are looking for Engineers who enjoy a collaborative environment and who are happy to be in the
office 3 days per week.
Location: Melbourne
We are only considering applicants with
Full Working Rights
for this role.
Please apply via SEEK to be considered for this Career Changing opportunity.",https://www.seek.com.au/job/84722690
